NOCS_ID,ISO3,ISO2,LIST NAME (EN),FULL NAME (EN),LIST NAME (ES),FULL NAME (ES),LIST NAME (FR),FULL NAME (FR),LIST NAME (RU),FULL NAME (RU)
,,,,,,,,,,
0,X01,00,Atlantis 01,Atlantis 01,Atlantis 01,Atlantis 01,Atlantis 01,Atlantis 01,Atlantis 01,Atlantis 01
0,X02,00,Atlantis 02,Atlantis 02,Atlantis 02,Atlantis 02,Atlantis 02,Atlantis 02,Atlantis 02,Atlantis 02
0,X03,00,Atlantis 03,Atlantis 03,Atlantis 03,Atlantis 03,Atlantis 03,Atlantis 03,Atlantis 03,Atlantis 03
0,X04,00,Atlantis 04,Atlantis 04,Atlantis 04,Atlantis 04,Atlantis 04,Atlantis 04,Atlantis 04,Atlantis 04
0,X05,00,Atlantis 05,Atlantis 05,Atlantis 05,Atlantis 05,Atlantis 05,Atlantis 05,Atlantis 05,Atlantis 05
0,X06,00,Atlantis 06,Atlantis 06,Atlantis 06,Atlantis 06,Atlantis 06,Atlantis 06,Atlantis 06,Atlantis 06
0,X07,00,Atlantis 07,Atlantis 07,Atlantis 07,Atlantis 07,Atlantis 07,Atlantis 07,Atlantis 07,Atlantis 07
0,X08,00,Atlantis 08,Atlantis 08,Atlantis 08,Atlantis 08,Atlantis 08,Atlantis 08,Atlantis 08,Atlantis 08
0,X09,00,Atlantis 09,Atlantis 09,Atlantis 09,Atlantis 09,Atlantis 09,Atlantis 09,Atlantis 09,Atlantis 09
0,X10,00,Atlantis 10,Atlantis 10,Atlantis 10,Atlantis 10,Atlantis 10,Atlantis 10,Atlantis 10,Atlantis 10
0,X11,00,Atlantis 11,Atlantis 11,Atlantis 11,Atlantis 11,Atlantis 11,Atlantis 11,Atlantis 11,Atlantis 11
0,X12,00,Atlantis 12,Atlantis 12,Atlantis 12,Atlantis 12,Atlantis 12,Atlantis 12,Atlantis 12,Atlantis 12
0,X13,00,Atlantis 13,Atlantis 13,Atlantis 13,Atlantis 13,Atlantis 13,Atlantis 13,Atlantis 13,Atlantis 13
0,X14,00,Atlantis 14,Atlantis 14,Atlantis 14,Atlantis 14,Atlantis 14,Atlantis 14,Atlantis 14,Atlantis 14
0,X15,00,Atlantis 15,Atlantis 15,Atlantis 15,Atlantis 15,Atlantis 15,Atlantis 15,Atlantis 15,Atlantis 15
0,X16,00,Atlantis 16,Atlantis 16,Atlantis 16,Atlantis 16,Atlantis 16,Atlantis 16,Atlantis 16,Atlantis 16
0,X17,00,Atlantis 17,Atlantis 17,Atlantis 17,Atlantis 17,Atlantis 17,Atlantis 17,Atlantis 17,Atlantis 17
0,X18,00,Atlantis 18,Atlantis 18,Atlantis 18,Atlantis 18,Atlantis 18,Atlantis 18,Atlantis 18,Atlantis 18
0,X19,00,Atlantis 19,Atlantis 19,Atlantis 19,Atlantis 19,Atlantis 19,Atlantis 19,Atlantis 19,Atlantis 19
0,X20,00,Atlantis 20,Atlantis 20,Atlantis 20,Atlantis 20,Atlantis 20,Atlantis 20,Atlantis 20,Atlantis 20
15362,AFG,AF,Afghanistan,The Islamic Republic of Afghanistan,Afganistán,la República Islámica del Afganistán,Afghanistan,la République islamique d'Afghanistan,Афганистан,Исламская Республика Афганистан
79175,n/a,n/a,Akrotiri and Dhekelia,Sovereign Base Areas of Akrotiri and Dhekelia,Acrotiri y Dhekelia,Bases bajo soberanía británica de Acrotiri y Dhekelia,Akrotiri et Dhekelia,Zones placées sous souveraineté britannique d'Akrotiri et de Dhekelia,Суверенная территория баз Акротири и Декелия,Суверенная территория баз Акротири и Декелия
79164,ALA,AX,Åland Islands,Åland Islands,Islas Åland,Islas Åland,Îles d'Åland,Îles d'Åland,Аландские острова,Аландские острова
14640,ALB,AL,Albania,the Republic of Albania,Albania,la República de Albania,Albanie,la République d'Albanie,Албания,Республика Албания
15363,DZA,DZ,Algeria,the People's Democratic Republic of Algeria,Argelia,la República Argelina Democrática y Popular,Algérie,la République algérienne démocratique et populaire,Алжир,Алжирская Народная Демократическая Республика
84619,ASM,AS,American Samoa,American Samoa,Samoa Americana,Samoa Americana,Samoa américaines,les Samoa américaines,Американское Самоа,Американское Самоа
79165,n/a,n/a,Andaman and Nicobar Islands,Andaman and Nicobar Islands,Islas de Andamán y Nicobar,Islas de Andamán y Nicobar,Îles Andaman et Nicobar,Îles Andaman et Nicobar,Андаманские и Никобарские острова,Андаманские и Никобарские острова
19012,AND,AD,Andorra,the Principality of Andorra,Andorra,el Principado de Andorra,Andorre,la Principauté d'Andorre,Андорра,Княжество Андорра
15364,AGO,AO,Angola,the Republic of Angola,Angola,la República de Angola,Angola,la République d'Angola,Ангола,Республика Ангола
2547,AIA,AI,Anguilla,Anguilla,Anguila,Anguila,Anguilla,Anguilla,Ангилья,Ангилья
79202,ATA,AQ,Antarctica,Antarctica,Antártida,Antártida,Antarctique,Antarctique,Антарктика,Антарктика
15365,ATG,AG,Antigua and Barbuda,Antigua and Barbuda,Antigua y Barbuda,Antigua y Barbuda,Antigua-et-Barbuda,Antigua-et-Barbuda,Антигуа и Барбуда,Антигуа и Барбуда
15366,ARG,AR,Argentina,the Argentine Republic,Argentina,la República Argentina,Argentine,la République argentine,Аргентина,Аргентинская Республика
20521,ARM,AM,Armenia,the Republic of Armenia,Armenia,la República de Armenia,Arménie,la République d'Arménie,Армения,Республика Армения
79203,ABW,AW,Aruba,Aruba,Aruba,Aruba,Aruba,Aruba,Аруба,Аруба
79166,n/a,n/a,Arunachal Pradesh,Arunachal Pradesh,Arunachal Pradesh,Arunachal Pradesh,Arunachal Pradesh,Arunachal Pradesh,Аруначал-Прадеш,Аруначал-Прадеш
79167,n/a,n/a,Ashmore and Cartier Islands,Ashmore and Cartier Islands,Islas Ashmore y Cartier,Islas Ashmore y Cartier,Îles Ashmore et Cartier,Îles Ashmore et Cartier,острова Ашмор и Картье,острова Ашмор и Картье
15367,AUS,AU,Australia,Australia,Australia,Australia,Australie,l'Australie,Австралия,Австралия
15368,AUT,AT,Austria,the Republic of Austria,Austria,la República de Austria,Autriche,la République d'Autriche,Австрия,Австрийская Республика
20522,AZE,AZ,Azerbaijan,the Republic of Azerbaijan,Azerbaiyán,la República de Azerbaiyán,Azerbaïdjan,la République d'Azerbaïdjan,Азербайджан,Азербайджанская Республика
15369,BHS,BS,Bahamas,the Commonwealth of the Bahamas,Bahamas,el Commonwealth de las Bahamas,Bahamas,le Commonwealth des Bahamas,Багамские Острова,Содружество Багамских Островов
15370,BHR,BH,Bahrain,the Kingdom of Bahrain,Bahrein,el Reino de Bahrein,Bahreïn,le Royaume de Bahreïn,Бахрейн,Королевство Бахрейн
79168,n/a,n/a,Baker Island,Baker Island,Isla Baker,Isla Baker,Île Baker,Île Baker,остров Бейкер,остров Бейкер
15371,BGD,BD,Bangladesh,the People's Republic of Bangladesh,Bangladesh,la República Popular de Bangladesh,Bangladesh,la République populaire du Bangladesh,Бангладеш,Народная Республика Бангладеш
15372,BRB,BB,Barbados,Barbados,Barbados,Barbados,Barbade,la Barbade,Барбадос,Барбадос
79169,n/a,n/a,Bassas da India,Bassas da India,Bassas da India,Bassas da India,Bassas da India,Bassas da India,Бассас-да-Индия,Бассас-да-Индия
16382,BLR,BY,Belarus,the Republic of Belarus,Belarús,la República de Belarús,Bélarus,la République du Bélarus,Беларусь,Республика Беларусь
15373,BEL,BE,Belgium,the Kingdom of Belgium,Bélgica,el Reino de Bélgica,Belgique,le Royaume de Belgique,Бельгия,Королевство Бельгия
15374,BLZ,BZ,Belize,Belize,Belice,Belice,Belize,le Belize,Белиз,Белиз
15375,BEN,BJ,Benin,the Republic of Benin,Benin,la República de Benin,Bénin,la République du Bénin,Бенин,Республика Бенин
19013,BMU,BM,Bermuda,Bermuda,Bermudas,Bermudas,Bermudes,les Bermudes,Бермудские острова,Бермудские острова
15376,BTN,BT,Bhutan,the Kingdom of Bhutan,Bhután,el Reino de Bhután,Bhoutan,le Royaume du Bhoutan,Бутан,Королевство Бутан
79170,n/a,n/a,Bird island,Bird island,Isla Bird,Isla Bird,Île Bird,Île Bird,остров Бёрд,остров Бёрд
15377,BOL,BO,Bolivia (Plurinational State of),the Plurinational State of Bolivia,Bolivia (Estado Plurinacional de),Estado Plurinacional de Bolivia,Bolivie (État plurinational de),l'État plurinational de Bolivie,Боливия (Многонациональное Государство),Многонациональное Государство Боливия
158870,BES,BQ,"Bonaire, Sint Eustatius and Saba","Bonaire, Sint Eustatius and Saba","Bonaire, Sint Eustatius y Saba","Bonaire, Sint Eustatius y Saba","Bonaire, Sint Eustatius et Saba","Bonaire, Sint Eustatius et Saba","Бонайре, Синт-Эстатиус и Саба","Бонайре, Синт-Эстатиус и Саба"
25401,BIH,BA,Bosnia and Herzegovina,Bosnia and Herzegovina,Bosnia y Herzegovina,Bosnia y Herzegovina,Bosnie-Herzégovine,la Bosnie-Herzégovine,Босния и Герцеговина,Босния и Герцеговина
15378,BWA,BW,Botswana,the Republic of Botswana,Botswana,la República de Botswana,Botswana,la République du Botswana,Ботсвана,Республика Ботсвана
79205,BVT,BV,Bouvet Island,Bouvet Island,Isla Bouvet,Isla Bouvet,Île Bouvet,Île Bouvet,остров Буве,остров Буве
52486,BRA,BR,Brazil,the Federative Republic of Brazil,Brasil,la República Federativa del Brasil,Brésil,la République fédérative du Brésil,Бразилия,Федеративная Республика Бразилия
79206,IOT,IO,British Indian Ocean Territory,British Indian Ocean Territory,Territorio Británico del Océano Índico,Territorio Británico del Océano Índico,Territoire britannique de l'océan Indien,Territoire britannique de l'océan Indien,Британская территория в Индийском океане,Британская территория в Индийском океане
19018,VGB,VG,British Virgin Islands,the British Virgin Islands,Islas Vírgenes Británicas,las Islas Vírgenes Británicas,Îles Vierges britanniques,les Îles Vierges britanniques,Британские Виргинские острова,Британские Виргинские острова
19014,BRN,BN,Brunei Darussalam,Brunei Darussalam,Brunei Darussalam,Brunei Darussalam,Brunéi Darussalam,le Brunéi Darussalam,Бруней-Даруссалам,Бруней-Даруссалам
15380,BGR,BG,Bulgaria,the Republic of Bulgaria,Bulgaria,la República de Bulgaria,Bulgarie,la République de Bulgarie,Болгария,Республика Болгария
15381,BFA,BF,Burkina Faso,Burkina Faso,Burkina Faso,Burkina Faso,Burkina Faso,le Burkina Faso,Буркина-Фасо,Буркина-Фасо
15382,BDI,BI,Burundi,the Republic of Burundi,Burundi,la República de Burundi,Burundi,la République du Burundi,Бурунди,Республика Бурунди
15386,CPV,CV,Cabo Verde,Republic of Cabo Verde,Cabo Verde,la República de Cabo Verde,Cabo Verde,la République de Cabo Verde,Кабо-Верде,Республика Кабо-Верде
15383,KHM,KH,Cambodia,the Kingdom of Cambodia,Camboya,el Reino de Camboya,Cambodge,le Royaume du Cambodge,Камбоджа,Королевство Камбоджа
15384,CMR,CM,Cameroon,the Republic of Cameroon,Camerún,la República del Camerún,Cameroun,la République du Cameroun,Камерун,Республика Камерун
15385,CAN,CA,Canada,Canada,Canadá,el Canadá,Canada,le Canada,Канада,Канада
79171,n/a,n/a,Canary Islands,Canary Islands,Canarias,Canarias,Canaries (îles),Canaries (îles),Канарские острова,Канарские острова
79210,n/a,n/a,Canton and Enderbury Islands,Canton and Enderbury Islands,Islas Canton y Enderbury,Islas Canton y Enderbury,Iles Canton et Enderbury,Iles Canton et Enderbury,острова Кантон и Эндербери,острова Кантон и Эндербери
19015,CYM,KY,Cayman Islands,Cayman Islands,Islas Caimán ,las Islas Caimán ,Îles Caïmanes,Îles Caïmanes,Каймановы острова,Каймановы острова
15387,CAF,CF,Central African Republic,the Central African Republic,República Centroafricana,la República Centroafricana,République centrafricaine,la République centrafricaine,Центральноафриканская Республика,Центральноафриканская Республика
15388,TCD,TD,Chad,the Republic of Chad,Chad,la República del Chad,Tchad,la République du Tchad,Чад,Республика Чад
79207,CHI,n/a,Channel Islands,Channel Islands,Islas Normandas,Islas Normandas,Iles Anglo-Normandes,Iles Anglo-Normandes,Нормандские острова,Нормандские острова
15389,CHL,CL,Chile,the Republic of Chile,Chile,la República de Chile,Chili,la République du Chili,Чили,Республика Чили
15390,CHN,CN,China,the People's Republic of China,China,la República Popular China,Chine,la République populaire de Chine,Китай,Китайская Народная Республика
79208,HKG,HK,"China, Hong Kong SAR","China, Hong Kong Special Administrative Region","China, RAE de Hong Kong","China, Región Administrativa Especial de Hong Kong",Chine - RAS de Hong-Kong,Chine - Région administrative spéciale de Hong-Kong,"Китай, Специальный административный район Гонконг","Китай, Специальный административный район Гонконг"
79209,MAC,MO,"China, Macao SAR","China, Macao Special Administrative Region","China, RAE de Macao","China, Región Administrativa Especial de Macao",Chine - RAS de Macao,Chine - Région administrative spéciale de Macao,"Китай, Специальный административный район Макао","Китай, Специальный административный район Макао"
79211,CXR,CX,Christmas Island,Christmas Island,Isla de Navidad,Isla de Navidad,Île Christmas,Île Christmas,остров Рождества,остров Рождества
79172,n/a,n/a,Clipperton Island,Clipperton Island,Isla de Clipperton,Isla de Clipperton,Île de Clipperton,Île de Clipperton,остров Клиппертон,остров Клиппертон
79212,CCK,CC,Cocos (Keeling) Islands,Cocos (Keeling) Islands,Islas Cocos (Keeling),Islas Cocos (Keeling),Îles des Cocos (Keeling),Îles des Cocos (Keeling),Кокосовые острова (Килинг),Кокосовые острова (Килинг)
15391,COL,CO,Colombia,the Republic of Colombia,Colombia,la República de Colombia,Colombie,la République de Colombie,Колумбия,Республика Колумбия
15392,COM,KM,Comoros,the Union of the Comoros,Comoras,la Unión de las Comoras,Comores,l'Union des Comores,Коморские Острова,Союз Коморских Островов
15393,COG,CG,Congo,the Republic of the Congo,Congo,la República del Congo,Congo,la République du Congo,Конго,Республика Конго
15394,COK,CK,Cook Islands,the Cook Islands,Islas Cook,las Islas Cook,Îles Cook,les Îles Cook,Острова Кука,Острова Кука
79173,n/a,n/a,Coral Sea Islands Territory,Coral Sea Islands Territory,Territorio de las Islas del Mar del Coral,Territorio de las Islas del Mar del Coral,Territoire des îles de la mer de Corail,Territoire des îles de la mer de Corail,Территория островов в Коралловом море,Территория островов в Коралловом море
15395,CRI,CR,Costa Rica,the Republic of Costa Rica,Costa Rica,la República de Costa Rica,Costa Rica,la République du Costa Rica,Коста-Рика,Республика Коста-Рика
15396,CIV,CI,Côte d'Ivoire,the Republic of Côte d'Ivoire,Côte d'Ivoire,la República de Côte d'Ivoire,Côte d'Ivoire,la République de Côte d'Ivoire,Кот-д`Ивуар,Республика Кот-д`Ивуар
25066,HRV,HR,Croatia,the Republic of Croatia,Croacia,la República de Croacia,Croatie,la République de Croatie,Хорватия,Республика Хорватия
15397,CUB,CU,Cuba,the Republic of Cuba,Cuba,la República de Cuba,Cuba,la République de Cuba,Куба,Республика Куба
158871,CUW,CW,Curaçao,Curaçao,Curaçao,Curaçao,Curaçao,Curaçao,Кюрасао,Кюрасао
15398,CYP,CY,Cyprus,the Republic of Cyprus,Chipre,la República de Chipre,Chypre,la République de Chypre,Кипр,Республика Кипр
32174,CZE,CZ,Czechia,the Czech Republic,Chequia,la República Checa,Tchéquie (la),la République tchèque,Чехия,Чешская Республика
15399,PRK,KP,Democratic People's Republic of Korea,the Democratic People's Republic of Korea,República Popular Democrática de Corea,la República Popular Democrática de Corea,République populaire démocratique de Corée,la République populaire démocratique de Corée,Корейская Народно-Демократическая Республика,Корейская Народно-Демократическая Республика
15513,COD,CD,Democratic Republic of the Congo,the Democratic Republic of the Congo,República Democrática del Congo,la República Democrática del Congo,République démocratique du Congo,la République démocratique du Congo,Демократическая Республика Конго,Демократическая Республика Конго
15400,DNK,DK,Denmark,the Kingdom of Denmark,Dinamarca,el Reino de Dinamarca,Danemark,le Royaume du Danemark,Дания,Королевство Дания
79174,n/a,n/a,Diego Garcia,Diego Garcia,Isla de Diego Garcia,Isla de Diego Garcia,Île de Diego Garcia,Île de Diego Garcia,Диего-Гарсия,Диего-Гарсия
15401,DJI,DJ,Djibouti,the Republic of Djibouti,Djibouti,la República de Djibouti,Djibouti,la République de Djibouti,Джибути,Республика Джибути
15402,DMA,DM,Dominica,the Commonwealth of Dominica,Dominica,el Commonwealth de Dominica,Dominique,le Commonwealth de la Dominique,Доминика,Содружество Доминики
15403,DOM,DO,Dominican Republic,the Dominican Republic,República Dominicana,la República Dominicana,République dominicaine,la République dominicaine,Доминиканская Республика,Доминиканская Республика
15404,ECU,EC,Ecuador,the Republic of Ecuador,Ecuador,la República del Ecuador,Équateur,la République de l'Équateur,Эквадор,Республика Эквадор
15405,EGY,EG,Egypt,the Arab Republic of Egypt,Egipto,la República Árabe de Egipto,Égypte,la République arabe d'Égypte,Египет,Арабская Республика Египет
15406,SLV,SV,El Salvador,the Republic of El Salvador,El Salvador,la República de El Salvador,El Salvador,la République d'El Salvador,Сальвадор,Республика Эль-Сальвадор
15407,GNQ,GQ,Equatorial Guinea,the Republic of Equatorial Guinea,Guinea Ecuatorial,la República de Guinea Ecuatorial,Guinée équatoriale,la République de Guinée équatoriale,Экваториальная Гвинея,Республика Экваториальная Гвинея
2810,ERI,ER,Eritrea,the State of Eritrea,Eritrea,el Estado de Eritrea,Érythrée,l'État d'Érythrée,Эритрея,Государство Эритрея
15533,EST,EE,Estonia,the Republic of Estonia,Estonia,la República de Estonia,Estonie,la République d'Estonie,Эстония,Эстонская Республика
15408,ETH,ET,Ethiopia,the Federal Democratic Republic of Ethiopia,Etiopía,la República Democrática Federal de Etiopía,Éthiopie,la République fédérale démocratique d'Éthiopie,Эфиопия,Федеративная Демократическая Республика Эфиопия
79176,n/a,n/a,Europa Island,Europa Island,Isla Europa,Isla Europa,Île d'Europa,Île d'Europa,остров Европа,остров Европа
50484,EUR,N/A,European Union (Member Organization),European Union (Member Organization),Unión Europea (Organización Miembro),Unión Europea (Organización Miembro),Union européenne (Organisation membre),l'Union européenne (Organisation membre),Европейский союз (организация-член),Европейский союз (организация-член)
24504,FLK,FK,Falkland Islands (Malvinas),the Falkland Islands (Malvinas),Islas Malvinas (Falkland Islands),Islas Malvinas (Falkland Islands),Îles Falkland (Malvinas),Îles Falkland (Malvinas),Фолклендские (Мальвинские) острова,Фолклендские (Мальвинские) острова
2993,FRO,FO,Faroe Islands (Associate Member),Faroe Islands,Islas Feroe (Miembro Asociado),las Islas Feroe,Îles Féroé (Membre associé),les Îles Féroé,Фарерские Острова (ассоциированный член),Фарерские Острова
15409,FJI,FJ,Fiji,the Republic of Fiji,Fiji,la República de Fiji,Fidji,la République des Fidji,Фиджи,Республика Фиджи
15410,FIN,FI,Finland,the Republic of Finland,Finlandia,la República de Finlandia,Finlande,la République de Finlande,Финляндия,Финляндская Республика
15411,FRA,FR,France,the French Republic,Francia,la República Francesa,France,la République française,Франция,Французская Республика
19016,GUF,GF,French Guyana,French Guyana,Guayana Francesa,Guayana Francesa,Guyane française,la Guyane française,Французская Гвиана,Французская Гвиана
19017,PYF,PF,French Polynesia,French Polynesia,Polinesia Francesa,Polinesia Francesa,Polynésie française,la Polynésie française,Французская Полинезия,Французская Полинезия
19019,ATF,TF,French Southern and Antarctic Territories,French Southern and Antarctic Territories,Tierras Australes y Antárticas Francesas,las Tierras Australes y Antárticas Francesas,Terres australes et antarctiques françaises,les Terres australes et antarctiques françaises,Французские южные и антарктические территории,Французские южные и антарктические территории
15412,GAB,GA,Gabon,the Gabonese Republic,Gabón,la República Gabonesa,Gabon,la République gabonaise,Габон,Габонская Республика
15413,GMB,GM,Gambia,the Republic of the Gambia,Gambia,la República de Gambia,Gambie,la République de Gambie,Гамбия,Республика Гамбия
79214,n/a,n/a,Gaza Strip,Gaza Strip,Franja de Gaza,Franja de Gaza,bande de Gaza,bande de Gaza,сектор Газа,сектор Газа
29137,GEO,GE,Georgia,Georgia,Georgia,Georgia,Géorgie,la Géorgie,Грузия,Грузия
15414,DEU,DE,Germany,the Federal Republic of Germany,Alemania,la República Federal de Alemania,Allemagne,la République fédérale d'Allemagne,Германия,Федеративная Республика Германия
15415,GHA,GH,Ghana,the Republic of Ghana,Ghana,la República de Ghana,Ghana,la République du Ghana,Гана,Республика Гана
7671,GIB,GI,Gibraltar,Gibraltar,Gibraltar,Gibraltar,Gibraltar,Gibraltar,Гибралтар,Гибралтар
79177,n/a,n/a,Glorioso Islands,Glorioso Islands,Islas Glorioso,Islas Glorioso,Îles Glorieuses,Îles Glorieuses,острова Глориозо,острова Глориозо
79215,n/a,n/a,Golan Heights,Golan Heights,Altos del Golán,Altos del Golán,Hauteurs du Golan,Hauteurs du Golan,Голанские высоты,Голанские высоты
79218,n/a,n/a,Greater Antilles,Greater Antilles,las Antillas Mayores,las Antillas Mayores,les Grandes Antilles,les Grandes Antilles,Большие Антильские острова,Большие Антильские острова
15416,GRC,GR,Greece,the Hellenic Republic,Grecia,la República Helénica,Grèce,la République hellénique,Греция,Греческая Республика
79216,GRL,GL,Greenland,Greenland,Groenlandia,Groenlandia,Groenland,Groenland,Гренландия,Гренландия
15417,GRD,GD,Grenada,Grenada,Granada,Granada,Grenade,la Grenade,Гренада,Гренада
19020,GLP,GP,Guadeloupe,Guadeloupe,Guadalupe,Guadalupe,Guadeloupe,la Guadeloupe,Гваделупа,Гваделупа
7927,GUM,GU,Guam,Guam,Guam,Guam,Guam,Guam,Гуам,Гуам
15418,GTM,GT,Guatemala,the Republic of Guatemala,Guatemala,la República de Guatemala,Guatemala,la République du Guatemala,Гватемала,Республика Гватемала
79217,GGY,GG,Guernsey,Bailiwick of Guernsey,Isla de Guernesey,Isla de Guernesey,Guernesey,Guernesey,Гернси,Гернси
15419,GIN,GN,Guinea,the Republic of Guinea,Guinea,la República de Guinea,Guinée,la République de Guinée,Гвинея,Гвинейская Республика
15420,GNB,GW,Guinea-Bissau,the Republic of Guinea-Bissau,Guinea-Bissau,la República de Guinea-Bissau,Guinée-Bissau,la République de Guinée-Bissau,Гвинея-Бисау,Республика Гвинея-Бисау
15421,GUY,GY,Guyana,the Republic of Guyana,Guyana,la República de Guyana,Guyana,la République du Guyana,Гайана,Республика Гайана
15422,HTI,HT,Haiti,the Republic of Haiti,Haití,la República de Haití,Haïti,la République d'Haïti,Гаити,Республика Гаити
79178,n/a,n/a,Hala'ib Triangle,Hala'ib Triangle,Triángulo de Hala'ib,Triángulo de Hala'ib,Triangle d'Hala'ib,Triangle d'Hala'ib,Халаибский треугольник,Халаибский треугольник
79219,HMD,HM,Heard and McDonald Islands,Heard Island and McDonald Islands,Islas Heard y McDonald,Islas Heard y McDonald,Îles Heard et McDonald,Îles Heard et McDonald,острова Херд и Макдональд,острова Херд и Макдональд
19021,VAT,VA,Holy See,Holy see,Santa Sede,la Santa Sede,Saint-Siège,le Saint-Siège,Святой Престол,Святой Престол
15423,HND,HN,Honduras,the Republic of Honduras,Honduras,la República de Honduras,Honduras,la République du Honduras,Гондурас,Республика Гондурас
79179,n/a,n/a,Howland Island,Howland Island,Isla Howland,Isla Howland,Île Howland,Île Howland,остров Хауленд,остров Хауленд
15424,HUN,HU,Hungary,Hungary,Hungría,Hungría,Hongrie,la Hongrie,Венгрия,Венгрия
15425,ISL,IS,Iceland,the Republic of Iceland,Islandia,la República de Islandia,Islande,la République d'Islande,Исландия,Республика Исландия
79180,n/a,n/a,Ilemi triangle,Ilemi triangle,Triángulo de Ilemi,Triángulo de Ilemi,Triangle d'Ilemi,Triangle d'Ilemi,треугольник Илеми,треугольник Илеми
15426,IND,IN,India,the Republic of India,India,la República de la India,Inde,la République de l'Inde,Индия,Республика Индия
15427,IDN,ID,Indonesia,the Republic of Indonesia,Indonesia,la República de Indonesia,Indonésie,la République d'Indonésie,Индонезия,Республика Индонезия
15428,IRN,IR,Iran (Islamic Republic of),the Islamic Republic of Iran,Irán (República Islámica del),la República Islámica del Irán,Iran (République islamique d'),la République islamique d'Iran,Иран (Исламская Республика),Исламская Республика Иран
15429,IRQ,IQ,Iraq,the Republic of Iraq,Iraq,la República del Iraq,Iraq,la République d'Iraq,Ирак,Республика Ирак
15430,IRL,IE,Ireland,Ireland,Irlanda,Irlanda,Irlande,l'Irlande,Ирландия,Ирландия
79221,IMN,IM,Isle of Man,Isle of Man,Isla de Man,Isla de Man,Île de Man,Île de Man,остров Мэн,остров Мэн
15431,ISR,IL,Israel,the State of Israel,Israel,el Estado de Israel,Israël,l'État d'Israël,Израиль,Государство Израиль
15432,ITA,IT,Italy,the Republic of Italy,Italia,la República Italiana,Italie,la République italienne,Италия,Итальянская Республика
15433,JAM,JM,Jamaica,Jamaica,Jamaica,Jamaica,Jamaïque,la Jamaïque,Ямайка,Ямайка
79181,n/a,n/a,Jammu and Kashmir,Jammu and Kashmir,Jammu y Kashmir,Jammu y Kashmir,Jammu et Cachemire,Jammu et Cachemire,Джамму и Кашмир,Джамму и Кашмир
15434,JPN,JP,Japan,Japan,Japón,el Japón,Japon,le Japon,Япония,Япония
79182,n/a,n/a,Jarvis Island,Jarvis Island,Isla Jarvis,Isla Jarvis,Île Jarvis,Île Jarvis,остров Джарвис,остров Джарвис
79222,JEY,JE,Jersey,Jersey,Jersey,Jersey,Jersey,Jersey,Джерси,Джерси
159016,n/a,n/a,Johnston Atoll,Johnston Atoll,Atolón de Johnston,Atolón de Johnston,Atoll Johnston,Atoll Johnston,атолл Джонстон,атолл Джонстон
79223,n/a,n/a,Johnston Island,Johnston Island,Isla de Johnston,Isla de Johnston,Île Johnston,Île Johnston,остров Джонстон,остров Джонстон
15435,JOR,JO,Jordan,the Hashemite Kingdom of Jordan,Jordania,el Reino Hachemita de Jordania,Jordanie,le Royaume hachémite de Jordanie,Иордания,Иорданское Хашимитское Королевство
79183,n/a,n/a,Juan de Nova Island,Juan de Nova Island,Isla de Juan Nova,Isla de Juan Nova,Île de Juan Nova,Île de Juan Nova,остров Жуан-ди-Нова,остров Жуан-ди-Нова
24383,KAZ,KZ,Kazakhstan,the Republic of Kazakhstan,Kazajstán,la República de Kazajstán,Kazakhstan,la République du Kazakhstan,Казахстан,Республика Казахстан
15436,KEN,KE,Kenya,the Republic of Kenya,Kenya,la República de Kenya,Kenya,la République du Kenya,Кения,Республика Кения
79201,n/a,n/a,Kerguelen Islands,Kerguelen Islands,Islas Kerguelen,Islas Kerguelen,Îles Kerguelen,Îles Kerguelen,острова Кергелен,острова Кергелен
79184,n/a,n/a,Kingman Reef,Kingman Reef,Arrecife de Kingman,Arrecife de Kingman,Récif Kingman,Récif Kingman,риф Кингмен,риф Кингмен
19023,KIR,KI,Kiribati,the Republic of Kiribati,Kiribati,la República de Kiribati,Kiribati,la République de Kiribati,Кирибати,Республика Кирибати
79185,n/a,n/a,Kuril Islands,Kuril Islands,Islas Kuriles,Islas Kuriles,Îles Kouriles,Îles Kouriles,Курильские острова,Курильские острова
15437,KWT,KW,Kuwait,the State of Kuwait,Kuwait,el Estado de Kuwait,Koweït,l'État du Koweït,Кувейт,Государство Кувейт
20523,KGZ,KG,Kyrgyzstan,the Kyrgyz Republic,Kirguistán,la República Kirguisa,Kirghizistan,la République kirghize,Кыргызстан,Кыргызская Республика
15438,LAO,LA,Lao People's Democratic Republic,the Lao People's Democratic Republic,República Democrática Popular Lao,la República Democrática Popular Lao,République démocratique populaire lao,la République démocratique populaire lao,Лаосская Народно-Демократическая Республика,Лаосская Народно-Демократическая Республика
15531,LVA,LV,Latvia,the Republic of Latvia,Letonia,la República de Letonia,Lettonie,la République de Lettonie,Латвия,Латвийская Республика
15439,LBN,LB,Lebanon,the Lebanese Republic,Líbano,la República libanesa,Liban,la République libanaise,Ливан,Ливанская Республика
15440,LSO,LS,Lesotho,the Kingdom of Lesotho,Lesotho,el Reino de Lesotho,Lesotho,le Royaume du Lesotho,Лесото,Королевство Лесото
159017,n/a,n/a,Lesser Antilles,Lesser Antilles,Pequeñas Antillas,Pequeñas Antillas; Antillas Menores ,Petites Antilles ,Petites Antilles ,Малые Антильские острова,Малые Антильские острова
79186,n/a,n/a,Liancourt Rocks,Liancourt Rocks,Rocas de Liancourt,Rocas de Liancourt,Rochers de Liancourt,Rochers de Liancourt,острова Лианкур,острова Лианкур
15441,LBR,LR,Liberia,the Republic of Liberia,Liberia,la República de Liberia,Libéria,la République du Libéria,Либерия,Республика Либерия
15442,LBY,LY,Libya,State of Libya,Libia,Estado de Libia,Libye,l'État de Libye,Ливия,Государство Ливия 
19024,LIE,LI,Liechtenstein,the Principality of Liechtenstein,Liechtenstein,el Principado de Liechtenstein,Liechtenstein,la Principauté du Liechtenstein,Лихтенштейн,Княжество Лихтенштейн
15532,LTU,LT,Lithuania,the Republic of Lithuania,Lituania,la República de Lituania,Lituanie,la République de Lituanie,Литва,Литовская Республика
15443,LUX,LU,Luxembourg,the Grand Duchy of Luxembourg,Luxemburgo,el Gran Ducado de Luxemburgo,Luxembourg,le Grand-Duché de Luxembourg,Люксембург,Великое Герцогство Люксембург
15444,MDG,MG,Madagascar,the Republic of Madagascar,Madagascar,la República de Madagascar,Madagascar,la République de Madagascar,Мадагаскар,Республика Мадагаскар
79187,n/a,n/a,Madeira Islands,Madeira Islands,Islas Madeira,Islas Madeira,Îles Madère,Îles Madère,Мадейра,Мадейра
15445,MWI,MW,Malawi,the Republic of Malawi,Malawi,la República de Malawi,Malawi,la République du Malawi,Малави,Республика Малави
15446,MYS,MY,Malaysia,Malaysia,Malasia,Malasia,Malaisie,la Malaisie,Малайзия,Малайзия
15447,MDV,MV,Maldives,the Republic of Maldives,Maldivas,la República de Maldivas,Maldives,la République des Maldives,Мальдивы,Мальдивская Республика
15448,MLI,ML,Mali,the Republic of Mali,Malí,la República de Malí,Mali,la République du Mali,Мали,Республика Мали
15449,MLT,MT,Malta,the Republic of Malta,Malta,la República de Malta,Malte,la République de Malte,Мальта,Республика Мальта
79189,n/a,n/a,Marion Island,Marion Island,Isla de Marion,Isla de Marion,Île de Marion,Île de Marion,остров Марион,остров Марион
15519,MHL,MH,Marshall Islands,the Republic of the Marshall Islands,Islas Marshall,la República de las Islas Marshall,Îles Marshall,la République des Îles Marshall,Маршалловы Острова,Республика Маршалловы Острова
19025,MTQ,MQ,Martinique,Martinique,Martinica,Martinica,Martinique,la Martinique,Мартиника,Мартиника
79188,n/a,n/a,Ma'tan al-Sarra,Ma'tan al-Sarra,Ma'tan al-Sarra,Ma'tan al-Sarra,Ma'tan al-Sarra,Ma'tan al-Sarra,Маатан ас-Сарра,Маатан ас-Сарра
15450,MRT,MR,Mauritania,the Islamic Republic of Mauritania,Mauritania,la República Islámica de Mauritania,Mauritanie,la République islamique de Mauritanie,Мавритания,Исламская Республика Мавритания
15451,MUS,MU,Mauritius,the Republic of Mauritius,Mauricio,la República de Mauricio,Maurice,la République de Maurice,Маврикий,Республика Маврикий
79224,MYT,YT,Mayotte,Mayotte,Mayotte,Mayotte,Mayotte,Mayotte,Майотта,Майотта
15452,MEX,MX,Mexico,the United Mexican States,México,los Estados Unidos Mexicanos,Mexique,les États-Unis du Mexique,Мексика,Мексиканские Соединенные Штаты
15518,FSM,FM,Micronesia (Federated States of),the Federated States of Micronesia,Micronesia (Estados Federados de),los Estados Federados de Micronesia,Micronésie (États fédérés de),les États fédérés de Micronésie,Микронезия (Федеративные Штаты),Федеративные Штаты Микронезии
79190,n/a,n/a,Midway Island,Midway Island,Islas Midway,Islas Midway,Île Midway,Île Midway,Мидуэй,Мидуэй
19026,MCO,MC,Monaco,the Principality of Monaco,Mónaco,el Principado de Mónaco,Monaco,la Principauté de Monaco,Монако,Княжество Монако
15453,MNG,MN,Mongolia,Mongolia,Mongolia,Mongolia,Mongolie,la Mongolie,Монголия,Монголия
72720,MNE,ME,Montenegro,Montenegro,Montenegro,Montenegro,Monténégro,le Monténégro,Черногория,Черногория
19027,MSR,MS,Montserrat,Montserrat,Montserrat,Montserrat,Montserrat,Montserrat,Монтсеррат,Монтсеррат
15454,MAR,MA,Morocco,the Kingdom of Morocco,Marruecos,el Reino de Marruecos,Maroc,le Royaume du Maroc,Марокко,Королевство Марокко
15455,MOZ,MZ,Mozambique,the Republic of Mozambique,Mozambique,la República de Mozambique,Mozambique,la République du Mozambique,Мозамбик,Республика Мозамбик
15456,MMR,MM,Myanmar,the Republic of the Union of Myanmar,Myanmar,la República de la Unión de Myanmar,Myanmar,République de l'Union du Myanmar,Мьянма,Республика Союз Мьянма
15457,NAM,NA,Namibia,the Republic of Namibia,Namibia,la República de Namibia,Namibie,la République de Namibie,Намибия,Республика Намибия
19028,NRU,NR,Nauru,the Republic of Nauru,Nauru,la República de Nauru,Nauru,la République de Nauru,Науру,Республика Науру
79191,n/a,n/a,Navassa Island,Navassa Island,Isla de Navassa,Isla de Navassa,Île de La Navase,Île de La Navase,остров Навасса,остров Навасса
15458,NPL,NP,Nepal,the Federal Democratic Republic of Nepal,Nepal,la República Democrática Federal de Nepal,Népal,la République fédérale démocratique du Nepal,Непал,Федеративная Демократическая Республика Непал
15459,NLD,NL,Netherlands,the Kingdom of the Netherlands,Países Bajos,el Reino de los Países Bajos,Pays-Bas,le Royaume des Pays-Bas,Нидерланды,Королевство Нидерландов
79225,n/a,n/a,Neutral Zone,Neutral Zone,Zona Neutral,Zona Neutral,Zone neutre,Zone neutre,Нейтральная зона,Нейтральная зона
31267,NCL,NC,New Caledonia,New Caledonia,Nueva Caledonia,Nueva Caledonia,Nouvelle-Calédonie,la Nouvelle-Calédonie,Новая Каледония,Новая Каледония
15460,NZL,NZ,New Zealand,New Zealand,Nueva Zelandia,Nueva Zelandia,Nouvelle-Zélande,la Nouvelle-Zélande,Новая Зеландия,Новая Зеландия
15461,NIC,NI,Nicaragua,the Republic of Nicaragua,Nicaragua,la República de Nicaragua,Nicaragua,la République du Nicaragua,Никарагуа,Республика Никарагуа
15462,NER,NE,Niger,the Republic of the Niger,Níger,la República del Níger,Niger,la République du Niger,Нигер,Республика Нигер
15463,NGA,NG,Nigeria,the Federal Republic of Nigeria,Nigeria,la República Federal de Nigeria,Nigéria,la République fédérale du Nigéria,Нигерия,Федеративная Республика Нигерия
19029,NIU,NU,Niue,Niue,Niue,Niue,Nioué,Nioué,Ниуэ,Ниуэ
79226,NFK,NF,Norfolk Island,Territory of Norfolk Island,Isla Norfolk,Isla Norfolk,Île Norfolk,Île Norfolk,остров Норфолк,остров Норфолк
79227,MNP,MP,Northern Mariana Islands,The Commonwealth of the Northern Mariana Islands,Islas Marianas septentrionales,Islas Marianas septentrionales,Îles Mariannes du Nord,Commonwealth des Mariannes du Nord,Северные Марианские острова,Содружество Северных Марианских островов
15464,NOR,NO,Norway,the Kingdom of Norway,Noruega,el Reino de Noruega,Norvège,le Royaume de Norvège,Норвегия,Королевство Норвегия
79228,PSE,n/a,Palestine,Palestine,Territorio Palestino Ocupado,territorio palestino ocupado,Territoire palestinien occupé,Territoire palestinien occupé,Палестина,Палестина
15465,OMN,OM,Oman,the Sultanate of Oman,Omán,la Sultanía de Omán,Oman,le Sultanat d'Oman,Оман,Султанат Оман
15466,PAK,PK,Pakistan,the Islamic Republic of Pakistan,Pakistán,la República Islámica del Pakistán,Pakistan,la République islamique du Pakistan,Пакистан,Исламская Республика Пакистан
3632,PLW,PW,Palau,the Republic of Palau,Palau,la República de Palau,Palaos,la République des Palaos,Палау,Республика Палау
79192,n/a,n/a,Palmyra Atoll,Palmyra Atoll,Atolón de Palmyra,Atolón de Palmyra,Atoll Palmyra,atoll Palmyra,атолл Пальмира,атолл Пальмира
15467,PAN,PA,Panama,the Republic of Panama,Panamá,la República de Panamá,Panama,la République du Panama,Панама,Республика Панама
79231,n/a,n/a,"Panama, Former Canal Zone","Panama, Former Canal Zone","Panamá, antigua Zona del Canal","Panamá, antigua Zona del Canal","Panama, Ancienne Zone du Canal","Panama, Ancienne Zone du Canal",бывшая зона Панамского канала,бывшая зона Панамского канала
15468,PNG,PG,Papua New Guinea,Independent State of Papua New Guinea,Papua Nueva Guinea,Estado Independiente de Papua Nueva Guinea,Papouasie-Nouvelle-Guinée,État indépendant de Papouasie-Nouvelle-Guinée,Папуа-Новая Гвинея,Независимое государство Папуа-Новая Гвинея
79193,n/a,n/a,Paracel Islands,Paracel Islands,Islas Paracelso,Islas Paracelso,Îles Paracel,Îles Paracel,Парасельские острова,Парасельские острова
15469,PRY,PY,Paraguay,the Republic of Paraguay,Paraguay,la República del Paraguay,Paraguay,la République du Paraguay,Парагвай,Республика Парагвай
79232,n/a,n/a,Persian Gulf,Persian Gulf,Golfo Pérsico,Golfo Pérsico,Golfe Persique,golfe Persique,Персидский залив,Персидский залив
15470,PER,PE,Peru,the Republic of Peru,Perú,la República del Perú,Pérou,la République du Pérou,Перу,Республика Перу
15471,PHL,PH,Philippines,the Republic of the Philippines,Filipinas,la República de Filipinas,Philippines,la République des Philippines,Филиппины,Республика Филиппины
79233,PCN,PN,Pitcairn Islands,Pitcairn Islands,Islas Pitcairn,Islas Pitcairn,Îles Pitcairn,Îles Pitcairn,Питкэрн,Питкэрн
15472,POL,PL,Poland,the Republic of Poland,Polonia,la República de Polonia,Pologne,la République de Pologne,Польша,Республика Польша
15473,PRT,PT,Portugal,the Portuguese Republic,Portugal,la República Portuguesa,Portugal,la République portugaise,Португалия,Португальская Республика
79194,n/a,n/a,Prince Edward Island,Prince Edward Island,Isla de Principe Eduardo,Isla de Principe Eduardo,Île-du-Prince-Édouard,Île-du-Prince-Édouard,остров Принс-Эдуард,остров Принс-Эдуард
15534,PRI,PR,Puerto Rico,the Commonwealth of Puerto Rico,Puerto Rico,el Estado Libre Asociado de Puerto Rico,Porto Rico,l'État libre associé de Porto Rico,Пуэрто-Рико,Содружество Пуэрто-Рико
15474,QAT,QA,Qatar,the State of Qatar,Qatar,el Estado de Qatar,Qatar,l'État du Qatar,Катар,Государство Катар
15517,KOR,KR,Republic of Korea,the Republic of Korea,República de Corea,la República de Corea,République de Corée,la République de Corée,Республика Корея,Республика Корея
84698,MDA,MD,Republic of Moldova,the Republic of Moldova,República de Moldova,la República de Moldova,République de Moldova,la République de Moldova,Республика Молдова,Республика Молдова
19030,REU,RE,Réunion,Réunion,Reunión,Reunión,Réunion,la Réunion,Реюньон,Реюньон
15475,ROU,RO,Romania,Romania,Rumania,Rumania,Roumanie,la Roumanie,Румыния,Румыния
79234,n/a,n/a,Ross Dependency,Ross Dependency,dependencia de Ross,dependencia de Ross,Dépendance de Ross,Dépendance de Ross,зависимая территория Росса,зависимая территория Росса
19040,RUS,RU,Russian Federation,the Russian Federation,Federación de Rusia,la Federación de Rusia,Fédération de Russie,la Fédération de Russie,Российская Федерация,Российская Федерация
15476,RWA,RW,Rwanda,the Republic of Rwanda,Rwanda,la República de Rwanda,Rwanda,la République du Rwanda,Руанда,Республика Руанда
158874,BLM,BL,Saint Barthélemy,Saint Barthélemy,San Bartolomé,San Bartolomé,Saint-Barthélemy,Saint-Barthélemy,Сен-Бартельми,Сен-Бартельми
19031,SHN,SH,"Saint Helena, Ascension and Tristan da Cunha","Saint Helena, Ascension and Tristan da Cunha","Santa Elena, Ascensión y Tristán de Acuña","Santa Elena, Ascensión y Tristán de Acuña","Sainte-Hélène, Ascension et Tristan da Cunha","Sainte-Hélène, Ascension et Tristan da Cunha","острова Святой Елены, Вознесения и Тристан-да-Кунья","острова Святой Елены, Вознесения и Тристан-да-Кунья"
15477,KNA,KN,Saint Kitts and Nevis,Saint Kitts and Nevis,Saint Kitts y Nevis,Saint Kitts y Nevis,Saint-Kitts-et-Nevis,Saint-Kitts-et-Nevis,Сент-Китс и Невис,Сент-Китс и Невис
15478,LCA,LC,Saint Lucia,Saint Lucia,Santa Lucía,Santa Lucía,Sainte-Lucie,Sainte-Lucie,Сент-Люсия,Сент-Люсия
158873,MAF,MF,Saint-Martin (French Part),Saint-Martin (French Part),Saint-Martin (parte francesa),Saint-Martin (parte francesa),Saint-Martin (partie française),Saint-Martin (partie française),Сен-Мартен (французская часть),Сен-Мартен (французская часть)
19032,SPM,PM,Saint Pierre and Miquelon,Saint Pierre and Miquelon,Saint-Pierre y Miquelon,Saint-Pierre y Miquelon,Saint-Pierre-et-Miquelon,Saint-Pierre-et-Miquelon,Сен-Пьер и Микелон,Сен-Пьер и Микелон
15479,VCT,VC,Saint Vincent and the Grenadines,Saint Vincent and the Grenadines,San Vicente y las Granadinas,San Vicente y las Granadinas,Saint-Vincent-et-les Grenadines,Saint-Vincent-et-les Grenadines,Сент-Винсент и Гренадины,Сент-Винсент и Гренадины
15480,WSM,WS,Samoa,the Independent State of Samoa,Samoa,el Estado Independiente de Samoa,Samoa,l'État indépendant du Samoa,Самоа,Независимое Государство Самоа
19033,SMR,SM,San Marino,the Republic of San Marino,San Marino,la República de San Marino,Saint-Marin,la République de Saint-Marin,Сан-Марино,Республика Сан-Марино
15481,STP,ST,Sao Tome and Principe,the Democratic Republic of Sao Tome and Principe,Santo Tomé y Príncipe,la República Democrática de Santo Tomé y Príncipe,Sao Tomé-et-Principe,la République démocratique de Sao Tomé-et-Principe,Сан-Томе и Принсипи,Демократическая Республика Сан-Томе и Принсипи
15482,SAU,SA,Saudi Arabia,the Kingdom of Saudi Arabia,Arabia Saudita,el Reino de la Arabia Saudita,Arabie saoudite,le Royaume d'Arabie saoudite,Саудовская Аравия,Королевство Саудовская Аравия
79195,n/a,n/a,Scarborough Reef,Scarborough Reef,Arrecife de Scarborough,arrecife de Scarborough,récif de Scarborough,récif de Scarborough,риф Скарборо,риф Скарборо
15483,SEN,SN,Senegal,the Republic of Senegal,Senegal,la República del Senegal,Sénégal,la République du Sénégal,Сенегал,Республика Сенегал
79196,n/a,n/a,Senkaku Islands,Senkaku Islands,islas Senkaku,islas Senkaku,Îles Senkaku,Îles Senkaku,острова Сенкаку,острова Сенкаку
56448,SRB,RS,Serbia,the Republic of Serbia,Serbia,la República de Serbia,Serbie,la République de Serbie,Сербия,Республика Сербия
15484,SYC,SC,Seychelles,the Republic of Seychelles,Seychelles,la República de Seychelles,Seychelles,la République des Seychelles,Сейшельские Острова,Республика Сейшельские Острова
15485,SLE,SL,Sierra Leone,the Republic of Sierra Leone,Sierra Leona,la República de Sierra Leona,Sierra Leone,la République de Sierra Leone,Сьерра-Леоне,Республика Сьерра-Леоне
19034,SGP,SG,Singapore,the Republic of Singapore,Singapur,la República de Singapur,Singapour,la République de Singapour,Сингапур,Республика Сингапур
158872,n/a,n/a,Sint Maarten  (partie néerlandaise),Sint Maarten  (partie néerlandaise),Sint Maarten (parte de los Países Bajos),Sint Maarten (parte de los Países Bajos),Sint Maarten  (partie néerlandaise),Sint Maarten  (partie néerlandaise),Синт-Мартен (голландская часть),Синт-Мартен (голландская часть)
32083,SVK,SK,Slovakia,the Slovak Republic,Eslovaquia,la República Eslovaca,Slovaquie,la République slovaque,Словакия,Словацкая Республика
25065,SVN,SI,Slovenia,the Republic of Slovenia,Eslovenia,la República de Eslovenia,Slovénie,la République de Slovénie,Словения,Республика Словения
15486,SLB,SB,Solomon Islands,Solomon Islands,Islas Salomón,las Islas Salomón,Îles Salomon,les Îles Salomon,Соломоновы Острова,Соломоновы Острова
15487,SOM,SO,Somalia,the Federal Republic of Somalia,Somalia,la República Federal de Somalia,Somalie,la République fédérale de Somalie,Сомали,Федеративная Республика Сомали
15535,ZAF,ZA,South Africa,the Republic of South Africa,Sudáfrica,la República de Sudáfrica,Afrique du Sud,la République sud-africaine,Южная Африка,Южно-Африканская Республика
79235,SGS,GS,South Georgia and the South Sandwich Islands,South Georgia and the South Sandwich Islands,Islas Georgias del Sur y Sandwich del Sur,Islas Georgias del Sur y Sandwich del Sur,Îles Géorgie du Sud et Sandwich du Sud,Îles Géorgie du Sud et Sandwich du Sud,остров Южная Георгия и Южные Сандвичевы острова,остров Южная Георгия и Южные Сандвичевы острова
159015,SSD,SS,South Sudan,the Republic of South Sudan,Sudán del Sur,la República de Sudán del Sur,Soudan du Sud,République du Soudan du Sud,Южный Судан,Республика Южный Судан
15488,ESP,ES,Spain,the Kingdom of Spain,España,el Reino de España,Espagne,le Royaume d'Espagne,Испания,Королевство Испания
79197,n/a,n/a,Spratly Islands,Spratly Islands,Islas Spratly,Islas Spratly,Îles Spratly,Îles Spratly,острова Спратли,острова Спратли
15489,LKA,LK,Sri Lanka,the Democratic Socialist Republic of Sri Lanka,Sri Lanka,la República Socialista Democrática de Sri Lanka,Sri Lanka,la République socialiste démocratique de Sri Lanka,Шри-Ланка,Демократическая Социалистическая Республика Шри-Ланка
15490,SDN,SD,Sudan,the Republic of the Sudan,Sudán,la República del Sudán,Soudan,la République du Soudan,Судан,Республика Судан
15491,SUR,SR,Suriname,the Republic of Suriname,Suriname,la República de Suriname,Suriname,la République du Suriname,Суринам,Республика Суринам
79237,SJM,SJ,Svalbard and Jan Mayen Islands,Svalbard and Jan Mayen Islands,Islas Svalbard y Jan Mayen,Islas Svalbard y Jan Mayen,Îles Svalbard et Jan Mayen,Îles Svalbard et Jan Mayen,острова Свальбард и Ян-Майен,острова Свальбард и Ян-Майен
15492,SWZ,SZ,Swaziland,the Kingdom of Swaziland,Swazilandia,el Reino de Swazilandia,Swaziland,le Royaume du Swaziland,Свазиленд,Королевство Свазиленд
15493,SWE,SE,Sweden,the Kingdom of Sweden,Suecia,el Reino de Suecia,Suède,le Royaume de Suède,Швеция,Королевство Швеция
15494,CHE,CH,Switzerland,the Swiss Confederation,Suiza,la Confederación Suiza,Suisse,la Confédération suisse,Швейцария,Швейцарская Конфедерация
15495,SYR,SY,Syrian Arab Republic,the Syrian Arab Republic,República Árabe Siria,la República Árabe Siria,République arabe syrienne,la République arabe syrienne,Сирийская Арабская Республика,Сирийская Арабская Республика
79238,TWN,TW,Taiwan Province of China,Taiwan Province of China,Provincia china de Taiwán,Provincia china de Taiwán,Province chinoise de Taïwan,Province chinoise de Taïwan,китайская провинция Тайвань,китайская провинция Тайвань
20525,TJK,TJ,Tajikistan,the Republic of Tajikistan,Tayikistán,la República de Tayikistán,Tadjikistan,la République du Tadjikistan,Таджикистан,Республика Таджикистан
15496,THA,TH,Thailand,the Kingdom of Thailand,Tailandia,el Reino de Tailandia,Thaïlande,le Royaume de Thaïlande,Таиланд,Королевство Таиланд
32263,MKD,MK,The former Yugoslav Republic of Macedonia,The former Yugoslav Republic of Macedonia,ex República Yugoslava de Macedonia,la ex República Yugoslava de Macedonia,ex-République yougoslave de Macédoine,l'ex-République yougoslave de Macédoine,бывшая югославская Республика Македония,бывшая югославская Республика Македония
40152,TLS,TL,Timor-Leste,the Democratic Republic of Timor-Leste,Timor-Leste,la República Democrática de Timor-Leste,Timor-Leste,la République démocratique du Timor-Leste,Тимор-Лешти,Демократическая Республика Тимор-Лешти
15497,TGO,TG,Togo,the Togolese Republic,Togo,la República Togolesa,Togo,la République togolaise,Того,Тоголезская Республика
19035,TKL,TK,Tokelau (Associate Member),Tokelau,Tokelau (Miembro Asociado),Tokelau,Tokélaou (Membre associé),les Tokélaou,Токелау (ассоциированный член),Токелау
15498,TON,TO,Tonga,the Kingdom of Tonga,Tonga,el Reino de Tonga,Tonga,le Royaume des Tonga,Тонга,Королевство Тонга
15499,TTO,TT,Trinidad and Tobago,the Republic of Trinidad and Tobago,Trinidad y Tabago,la República de Trinidad y Tabago,Trinité-et-Tobago,la République de Trinité-et-Tobago,Тринидад и Тобаго,Республика Тринидад и Тобаго
79198,n/a,n/a,Tromelin Island,Tromelin Island,Isla Tromelin,Isla Tromelin,Île de Tromelin,Île de Tromelin,остров Тромлен,остров Тромлен
79229,n/a,n/a,Trust Territory of the Pacific Islands,Trust Territory of the Pacific Islands,Territorio en Fideicomiso de las Islas del Pacífico,Territorio en Fideicomiso de las Islas del Pacífico,Territoire sous tutelle des Îles du Pacifique,Territoire sous tutelle des Îles du Pacifique,подопечная территория Тихоокеанские острова,подопечная территория Тихоокеанские острова
15500,TUN,TN,Tunisia,the Republic of Tunisia,Túnez,la República de Túnez,Tunisie,la République tunisienne,Тунис,Тунисская Республика
15501,TUR,TR,Turkey,the Republic of Turkey,Turquía,la República de Turquía,Turquie,la République turque,Турция,Турецкая Республика
20526,TKM,TM,Turkmenistan,Turkmenistan,Turkmenistán,Turkmenistán,Turkménistan,le Turkménistan,Туркменистан,Туркменистан
19036,TCA,TC,Turks and Caicos Islands,Turks and Caicos Islands,Islas Turcas y Caicos,Islas Turcas y Caicos,Îles Turques et Caïques,les Îles Turques et Caïques,острова Тёркс и Кайкос,острова Тёркс и Кайкос
19037,TUV,TV,Tuvalu,Tuvalu,Tuvalu,Tuvalu,Tuvalu,les Tuvalu,Тувалу,Тувалу
15502,UGA,UG,Uganda,the Republic of Uganda,Uganda,la República de Uganda,Ouganda,la République de l'Ouganda,Уганда,Республика Уганда
16378,UKR,UA,Ukraine,Ukraine,Ucrania,Ucrania,Ukraine,l'Ukraine,Украина,Украина
15503,ARE,AE,United Arab Emirates,the United Arab Emirates,Emiratos Árabes Unidos,los Emiratos Árabes Unidos,Émirats arabes unis,les Émirats arabes unis,Объединенные Арабские Эмираты,Объединенные Арабские Эмираты
15504,GBR,GB,United Kingdom,the United Kingdom of Great Britain and Northern Ireland,Reino Unido,el Reino Unido (de Gran Bretaña e Irlanda del Norte),Royaume-Uni,le Royaume-Uni de Grande-Bretagne et d'Irlande du Nord,Соединенное Королевство,Соединенное Королевство Великобритании и Северной Ирландии
15505,TZA,TZ,United Republic of Tanzania,the United Republic of Tanzania,República Unida de Tanzanía,la República Unida de Tanzanía,République-Unie de Tanzanie,la République-Unie de Tanzanie,Объединенная Республика Танзания,Объединенная Республика Танзания
15506,USA,US,United States of America,the United States of America,Estados Unidos de América,los Estados Unidos de América,États-Unis d'Amérique,les États-Unis d'Amérique,Соединенные Штаты Америки,Соединенные Штаты Америки
19038,VIR,VI,United States Virgin Islands,the United States Virgin Islands,Islas Vírgenes (EE.UU.),las Islas Vírgenes (EE.UU.),Îles Vierges américaines,les Îles Vierges américaines,Виргинские острова США,Виргинские острова Соединенных Штатов
15507,URY,UY,Uruguay,the Eastern Republic of Uruguay,Uruguay,la República Oriental del Uruguay,Uruguay,la République orientale de l'Uruguay,Уругвай,Восточная Республика Уругвай
79240,UMI,UM,US Minor Outlying Islands,US Minor Outlying Islands,Islas Menores Periféricas de los Estados Unidos,Islas Menores Periféricas de los Estados Unidos,Îles mineures éloignées des États-Unis,Îles mineures éloignées des États-Unis,малые отдаленные острова Соединенных Штатов Америки,малые отдаленные острова Соединенных Штатов Америки
20527,UZB,UZ,Uzbekistan,the Republic of Uzbekistan,Uzbekistán,la República de Uzbekistán,Ouzbékistan,la République d'Ouzbékistan,Узбекистан,Республика Узбекистан
15508,VUT,VU,Vanuatu,the Republic of Vanuatu,Vanuatu,la República de Vanuatu,Vanuatu,la République du Vanuatu,Вануату,Республика Вануату
15509,VEN,VE,Venezuela (Bolivarian Republic of),the Bolivarian Republic of Venezuela,Venezuela (República Bolivariana de),la República Bolivariana de Venezuela,Venezuela (République bolivarienne du),la République bolivarienne du Venezuela,Венесуэла (Боливарианская Республика),Боливарианская Республика Венесуэла
15510,VNM,VN,Viet Nam,the Socialist Republic of Viet Nam,Viet Nam,la República Socialista de Viet Nam,Viet Nam,la République socialiste du Viet Nam,Вьетнам,Социалистическая Республика Вьетнам
79241,n/a,n/a,Wake Island,Wake Island,Isla Wake,Isla Wake,Îles Wake,Îles Wake,атолл Уэйк,атолл Уэйк
19039,WLF,WF,Wallis and Futuna Islands,Wallis and Futuna Islands,Islas Wallis y Futuna,Islas Wallis y Futuna,Îles Wallis et Futuna,les Îles Wallis et Futuna,острова Уоллис и Футуна,острова Уоллис и Футуна
79242,n/a,n/a,West Bank,The West Bank,Ribera Occidental,la Ribera Occidental,Cisjordanie,la Cisjordanie,Западный берег,Западный берег
79243,ESH,EH,Western Sahara,Western Sahara,Sáhara occidental,Sáhara occidental,Sahara occidental,Sahara occidental,Западная Сахара,Западная Сахара
79220,n/a,n/a,West Papua,West Papua,Papua Occidental,Papua Occidental,Papouasie occidentale,Papouasie occidentale,Западное Папуа,Западное Папуа
15511,YEM,YE,Yemen,the Republic of Yemen,Yemen,la República del Yemen,Yémen,la République du Yémen,Йемен,Йеменская Республика
15514,ZMB,ZM,Zambia,the Republic of Zambia,Zambia,la República de Zambia,Zambie,la République de Zambie,Замбия,Республика Замбия
15515,ZWE,ZW,Zimbabwe,the Republic of Zimbabwe,Zimbabwe,la República de Zimbabwe,Zimbabwe,la République du Zimbabwe,Зимбабве,Республика Зимбабве
